ticker,relevance_score,ticker_sentiment_score,ticker_sentiment_label,time_published(est)
FOREX:EUR,0.10607,0.104912,Neutral,2023-10-17 07:17:00-04:00
FOREX:EUR,0.020668,-0.221215,Somewhat-Bearish,2023-10-17 07:04:46-04:00
FOREX:EUR,0.11983,-0.140534,Neutral,2023-10-17 06:06:35-04:00
FOREX:EUR,0.076847,0.015469,Neutral,2023-10-17 04:22:47-04:00
FOREX:EUR,0.080728,0.11611,Neutral,2023-10-17 03:58:43-04:00
FOREX:EUR,0.139265,0.108065,Neutral,2023-10-17 03:22:45-04:00
FOREX:EUR,0.128822,0.108688,Neutral,2023-10-17 03:22:42-04:00
FOREX:EUR,0.047278,-0.086924,Neutral,2023-10-17 03:05:00-04:00
FOREX:EUR,0.087503,0.067379,Neutral,2023-10-17 01:30:00-04:00
FOREX:EUR,0.087503,0.067379,Neutral,2023-10-17 01:30:00-04:00
FOREX:EUR,0.087027,-0.146897,Neutral,2023-10-17 01:19:17-04:00
FOREX:EUR,0.170878,-0.09597,Neutral,2023-10-17 00:56:00-04:00
FOREX:EUR,0.170878,-0.09597,Neutral,2023-10-17 00:56:00-04:00
FOREX:EUR,0.075635,0.0,Neutral,2023-10-17 00:12:26-04:00
FOREX:EUR,0.068306,0.0,Neutral,2023-10-16 23:32:39-04:00
FOREX:EUR,0.085629,-0.009453,Neutral,2023-10-16 21:50:15-04:00
FOREX:EUR,0.073098,0.0,Neutral,2023-10-16 21:13:44-04:00
FOREX:EUR,0.074692,0.111717,Neutral,2023-10-16 18:15:00-04:00
FOREX:EUR,0.24289,-0.201126,Somewhat-Bearish,2023-10-16 17:47:00-04:00
FOREX:EUR,0.11983,-0.066452,Neutral,2023-10-16 17:18:05-04:00
FOREX:EUR,0.127456,-0.003504,Neutral,2023-10-16 17:10:00-04:00
FOREX:EUR,0.099066,-0.016166,Neutral,2023-10-16 17:00:29-04:00
FOREX:EUR,0.067727,-0.267428,Somewhat-Bearish,2023-10-16 17:00:00-04:00
FOREX:EUR,0.366061,0.360742,Bullish,2023-10-16 17:00:00-04:00
FOREX:EUR,0.102449,-0.016345,Neutral,2023-10-16 17:00:00-04:00
FOREX:EUR,0.024904,-0.065989,Neutral,2023-10-16 16:55:24-04:00
FOREX:EUR,0.198221,-0.104931,Neutral,2023-10-16 16:51:00-04:00
FOREX:EUR,0.140076,-0.0466,Neutral,2023-10-16 16:51:00-04:00
FOREX:EUR,0.059341,0.229054,Somewhat-Bullish,2023-10-16 16:13:49-04:00
FOREX:EUR,0.18967,-0.145589,Neutral,2023-10-16 15:36:45-04:00
FOREX:EUR,0.18967,-0.145589,Neutral,2023-10-16 15:36:00-04:00
FOREX:EUR,0.014298,0.052133,Neutral,2023-10-16 14:56:01-04:00
FOREX:EUR,0.733479,0.375389,Bullish,2023-10-16 14:22:54-04:00
FOREX:EUR,0.608634,0.610335,Bullish,2023-10-16 13:54:00-04:00
FOREX:EUR,0.121037,0.128534,Neutral,2023-10-16 12:29:47-04:00
FOREX:EUR,0.027667,0.030903,Neutral,2023-10-16 12:15:00-04:00
FOREX:EUR,0.276909,-0.075348,Neutral,2023-10-16 12:14:00-04:00
FOREX:EUR,0.12546,0.194903,Somewhat-Bullish,2023-10-16 10:38:11-04:00
FOREX:EUR,0.091162,0.172644,Somewhat-Bullish,2023-10-16 10:38:00-04:00
FOREX:EUR,0.343279,0.0,Neutral,2023-10-16 09:02:00-04:00
FOREX:EUR,0.07844,0.155455,Somewhat-Bullish,2023-10-16 09:01:00-04:00
FOREX:EUR,0.130217,0.124625,Neutral,2023-10-16 08:44:21-04:00
FOREX:EUR,0.064797,0.227571,Somewhat-Bullish,2023-10-16 07:21:00-04:00
FOREX:EUR,0.18967,-0.003079,Neutral,2023-10-16 07:12:00-04:00
FOREX:EUR,0.11983,0.055936,Neutral,2023-10-16 06:15:00-04:00
FOREX:EUR,0.071784,0.123806,Neutral,2023-10-16 03:32:00-04:00
FOREX:EUR,0.297061,0.230674,Somewhat-Bullish,2023-10-16 03:31:00-04:00
FOREX:EUR,0.015946,0.007071,Neutral,2023-10-16 02:47:00-04:00
FOREX:EUR,0.066784,-0.130323,Neutral,2023-10-16 02:00:00-04:00
FOREX:EUR,0.087503,0.067379,Neutral,2023-10-16 01:30:00-04:00
FOREX:EUR,0.087503,0.067379,Neutral,2023-10-16 01:30:00-04:00
FOREX:EUR,0.388879,0.261949,Somewhat-Bullish,2023-10-16 01:16:42-04:00
FOREX:EUR,0.084722,0.0,Neutral,2023-10-16 00:00:30-04:00
FOREX:EUR,0.071145,0.0,Neutral,2023-10-15 22:56:00-04:00
FOREX:EUR,0.064973,0.0,Neutral,2023-10-15 22:56:00-04:00
FOREX:EUR,0.057628,-0.193,Somewhat-Bearish,2023-10-15 20:26:39-04:00
FOREX:EUR,0.661658,-0.180086,Somewhat-Bearish,2023-10-15 20:05:10-04:00
FOREX:EUR,0.096283,0.0,Neutral,2023-10-15 20:00:40-04:00
FOREX:EUR,0.217508,0.172947,Somewhat-Bullish,2023-10-15 17:42:00-04:00
FOREX:EUR,0.172507,0.145717,Neutral,2023-10-15 17:42:00-04:00
FOREX:EUR,0.063258,-0.249461,Somewhat-Bearish,2023-10-15 17:26:00-04:00
FOREX:EUR,0.09186,0.276581,Somewhat-Bullish,2023-10-15 17:03:00-04:00
FOREX:EUR,0.075397,0.267828,Somewhat-Bullish,2023-10-15 17:03:00-04:00
FOREX:EUR,0.179121,0.271649,Somewhat-Bullish,2023-10-15 16:51:00-04:00
FOREX:EUR,0.14131,0.234897,Somewhat-Bullish,2023-10-15 16:51:00-04:00
FOREX:EUR,0.128478,0.22389,Somewhat-Bullish,2023-10-15 16:51:00-04:00
FOREX:EUR,0.535653,0.576815,Bullish,2023-10-15 16:43:00-04:00
FOREX:EUR,0.595343,0.744945,Bullish,2023-10-15 16:41:00-04:00
FOREX:EUR,0.186738,0.149919,Neutral,2023-10-15 16:26:00-04:00
FOREX:EUR,0.07446,0.213281,Somewhat-Bullish,2023-10-15 15:04:00-04:00
FOREX:EUR,0.07031,-0.036712,Neutral,2023-10-15 15:00:40-04:00
FOREX:EUR,0.846873,0.399364,Bullish,2023-10-15 03:16:43-04:00
FOREX:EUR,0.15347,0.161627,Somewhat-Bullish,2023-10-14 20:10:00-04:00
FOREX:EUR,0.298567,0.427146,Bullish,2023-10-14 17:34:00-04:00
FOREX:EUR,0.298567,0.427146,Bullish,2023-10-14 17:34:00-04:00
FOREX:EUR,0.282234,0.261338,Somewhat-Bullish,2023-10-14 17:10:00-04:00
FOREX:EUR,0.173333,0.097209,Neutral,2023-10-14 17:05:00-04:00
FOREX:EUR,0.152018,0.102887,Neutral,2023-10-14 16:48:00-04:00
FOREX:EUR,0.127456,0.09332,Neutral,2023-10-14 16:48:00-04:00
FOREX:EUR,0.075874,0.213819,Somewhat-Bullish,2023-10-14 16:38:00-04:00
FOREX:EUR,0.080458,0.215766,Somewhat-Bullish,2023-10-14 14:27:00-04:00
FOREX:EUR,0.195814,0.079452,Neutral,2023-10-14 13:35:00-04:00
FOREX:EUR,0.299478,0.167114,Somewhat-Bullish,2023-10-14 11:52:00-04:00
FOREX:EUR,0.605937,0.419075,Bullish,2023-10-14 08:45:20-04:00
FOREX:EUR,0.044634,0.067613,Neutral,2023-10-14 04:00:00-04:00
FOREX:EUR,0.1331,-0.037542,Neutral,2023-10-13 18:35:00-04:00
FOREX:EUR,0.059488,0.0,Neutral,2023-10-13 18:01:21-04:00
FOREX:EUR,0.1331,0.001239,Neutral,2023-10-13 17:41:00-04:00
FOREX:EUR,0.159043,0.00138,Neutral,2023-10-13 17:00:00-04:00
FOREX:EUR,0.136888,0.118123,Neutral,2023-10-13 16:44:00-04:00
FOREX:EUR,0.198221,0.039792,Neutral,2023-10-13 16:42:00-04:00
FOREX:EUR,0.455525,0.085575,Neutral,2023-10-13 15:23:00-04:00
FOREX:EUR,0.285526,0.351114,Bullish,2023-10-13 13:05:00-04:00
FOREX:EUR,0.111144,-0.068477,Neutral,2023-10-13 12:21:19-04:00
FOREX:EUR,0.119235,0.0,Neutral,2023-10-13 12:03:00-04:00
FOREX:EUR,0.06179,-0.211173,Somewhat-Bearish,2023-10-13 09:18:31-04:00
FOREX:EUR,0.14573,-0.087086,Neutral,2023-10-13 09:07:00-04:00
FOREX:EUR,0.197413,-0.274589,Somewhat-Bearish,2023-10-13 09:03:00-04:00
FOREX:EUR,0.025873,0.072598,Neutral,2023-10-13 08:59:00-04:00
FOREX:EUR,0.073773,-0.085112,Neutral,2023-10-13 07:34:00-04:00
FOREX:EUR,0.041323,0.153731,Somewhat-Bullish,2023-10-13 07:01:23-04:00
FOREX:EUR,0.320279,-0.075222,Neutral,2023-10-13 06:53:00-04:00
FOREX:EUR,0.072435,-0.120861,Neutral,2023-10-13 06:12:00-04:00
FOREX:EUR,0.11983,0.112039,Neutral,2023-10-13 05:29:00-04:00
FOREX:EUR,0.190417,-0.207976,Somewhat-Bearish,2023-10-13 05:26:32-04:00
FOREX:EUR,0.136113,-0.104662,Neutral,2023-10-13 05:23:00-04:00
FOREX:EUR,0.436009,-0.121812,Neutral,2023-10-13 05:15:00-04:00
FOREX:EUR,0.110462,0.149446,Neutral,2023-10-13 05:10:00-04:00
FOREX:EUR,0.251247,-0.077807,Neutral,2023-10-13 04:46:49-04:00
FOREX:EUR,0.1331,0.033901,Neutral,2023-10-13 04:42:00-04:00
FOREX:EUR,0.102449,0.024502,Neutral,2023-10-13 04:08:00-04:00
FOREX:EUR,0.115787,-0.132964,Neutral,2023-10-13 04:03:00-04:00
FOREX:EUR,0.055751,0.137004,Neutral,2023-10-13 03:26:46-04:00
FOREX:EUR,0.087503,0.067379,Neutral,2023-10-13 01:30:00-04:00
FOREX:EUR,0.087503,0.067379,Neutral,2023-10-13 01:30:00-04:00
FOREX:EUR,0.081001,-0.300214,Somewhat-Bearish,2023-10-12 23:51:00-04:00
FOREX:EUR,0.057352,-0.061948,Neutral,2023-10-12 22:53:00-04:00
FOREX:EUR,0.165598,0.0,Neutral,2023-10-12 22:45:00-04:00
FOREX:EUR,0.160099,0.0,Neutral,2023-10-12 22:45:00-04:00
FOREX:EUR,0.15697,0.0,Neutral,2023-10-12 22:45:00-04:00
FOREX:EUR,0.141726,0.0,Neutral,2023-10-12 22:45:00-04:00
FOREX:EUR,0.132733,0.0,Neutral,2023-10-12 22:45:00-04:00
FOREX:EUR,0.110973,0.0,Neutral,2023-10-12 22:45:00-04:00
FOREX:EUR,0.130217,-0.143561,Neutral,2023-10-12 21:07:25-04:00
FOREX:EUR,0.509589,-0.075518,Neutral,2023-10-12 18:08:00-04:00
FOREX:EUR,0.154951,0.123446,Neutral,2023-10-12 18:06:00-04:00
FOREX:EUR,0.101582,-0.06525,Neutral,2023-10-12 17:40:30-04:00
FOREX:EUR,0.127456,0.091478,Neutral,2023-10-12 16:50:00-04:00
FOREX:EUR,0.112269,0.072258,Neutral,2023-10-12 16:50:00-04:00
FOREX:EUR,0.088147,0.0,Neutral,2023-10-12 16:18:00-04:00
FOREX:EUR,0.055364,0.123045,Neutral,2023-10-12 15:16:59-04:00
FOREX:EUR,0.031405,0.0,Neutral,2023-10-12 12:41:16-04:00
FOREX:EUR,0.112532,-0.072712,Neutral,2023-10-12 11:46:00-04:00
FOREX:EUR,0.049221,0.036721,Neutral,2023-10-12 11:03:00-04:00
FOREX:EUR,0.678673,0.482915,Bullish,2023-10-12 10:50:00-04:00
FOREX:EUR,0.141726,0.201942,Somewhat-Bullish,2023-10-12 09:33:00-04:00
FOREX:EUR,0.063258,0.043548,Neutral,2023-10-12 09:23:00-04:00
FOREX:EUR,0.050359,-0.26749,Somewhat-Bearish,2023-10-12 08:30:11-04:00
FOREX:EUR,0.086245,-0.181601,Somewhat-Bearish,2023-10-12 08:08:17-04:00
FOREX:EUR,0.03704,-0.053842,Neutral,2023-10-12 08:07:38-04:00
FOREX:EUR,0.107495,0.007829,Neutral,2023-10-12 06:53:00-04:00
FOREX:EUR,0.282234,-0.293026,Somewhat-Bearish,2023-10-12 06:52:00-04:00
FOREX:EUR,0.076358,0.169224,Somewhat-Bullish,2023-10-12 06:20:00-04:00
FOREX:EUR,0.220809,0.019464,Neutral,2023-10-12 05:32:00-04:00
FOREX:EUR,0.030998,-0.080501,Neutral,2023-10-12 05:27:00-04:00
FOREX:EUR,0.086556,0.0,Neutral,2023-10-12 05:22:00-04:00
FOREX:EUR,0.441059,0.102271,Neutral,2023-10-12 05:20:00-04:00
FOREX:EUR,0.040599,0.071334,Neutral,2023-10-12 01:31:00-04:00
FOREX:EUR,0.087503,0.067379,Neutral,2023-10-12 01:30:00-04:00
FOREX:EUR,0.024597,-0.055756,Neutral,2023-10-12 00:00:34-04:00
FOREX:EUR,0.151064,0.0,Neutral,2023-10-11 23:00:00-04:00
FOREX:EUR,0.147818,0.0,Neutral,2023-10-11 23:00:00-04:00
FOREX:EUR,0.128822,0.0,Neutral,2023-10-11 23:00:00-04:00
FOREX:EUR,0.106305,0.0,Neutral,2023-10-11 23:00:00-04:00
FOREX:EUR,0.106305,0.0,Neutral,2023-10-11 23:00:00-04:00
FOREX:EUR,0.075874,0.0,Neutral,2023-10-11 21:18:00-04:00
FOREX:EUR,0.085629,-0.063475,Neutral,2023-10-11 18:30:23-04:00
FOREX:EUR,0.122894,0.047859,Neutral,2023-10-11 17:21:13-04:00
FOREX:EUR,0.068306,-0.112367,Neutral,2023-10-11 13:28:00-04:00
FOREX:EUR,0.028254,0.198474,Somewhat-Bullish,2023-10-11 13:02:07-04:00
FOREX:EUR,0.102449,0.081227,Neutral,2023-10-11 11:56:00-04:00
FOREX:EUR,0.164095,0.083605,Neutral,2023-10-11 11:36:59-04:00
FOREX:EUR,0.143929,0.103174,Neutral,2023-10-11 11:36:00-04:00
FOREX:EUR,0.31482,-0.12658,Neutral,2023-10-11 11:33:36-04:00
FOREX:EUR,0.421485,0.02033,Neutral,2023-10-11 11:22:38-04:00
FOREX:EUR,0.055492,0.07597,Neutral,2023-10-11 10:17:00-04:00
FOREX:EUR,0.032893,-0.048665,Neutral,2023-10-11 09:30:00-04:00
FOREX:EUR,0.022222,0.113322,Neutral,2023-10-11 09:30:00-04:00
FOREX:EUR,0.172097,0.017474,Neutral,2023-10-11 09:18:00-04:00
FOREX:EUR,0.059785,-0.158011,Somewhat-Bearish,2023-10-11 07:58:00-04:00
FOREX:EUR,0.130926,-0.091091,Neutral,2023-10-11 06:12:37-04:00
FOREX:EUR,0.11123,0.032092,Neutral,2023-10-11 05:00:00-04:00
FOREX:EUR,0.107495,0.031702,Neutral,2023-10-11 05:00:00-04:00
FOREX:EUR,0.236972,-0.098926,Neutral,2023-10-11 04:42:00-04:00
FOREX:EUR,0.042571,-0.116925,Neutral,2023-10-11 04:21:02-04:00
FOREX:EUR,0.06623,0.020152,Neutral,2023-10-11 04:16:00-04:00
FOREX:EUR,0.209365,0.175948,Somewhat-Bullish,2023-10-11 03:28:59-04:00
FOREX:EUR,0.173333,0.211729,Somewhat-Bullish,2023-10-11 03:14:55-04:00
FOREX:EUR,0.086556,0.229488,Somewhat-Bullish,2023-10-11 03:14:44-04:00
FOREX:EUR,0.087503,0.067379,Neutral,2023-10-11 01:30:00-04:00
FOREX:EUR,0.18046,0.0,Neutral,2023-10-10 22:55:00-04:00
FOREX:EUR,0.152499,0.0,Neutral,2023-10-10 22:55:00-04:00
FOREX:EUR,0.140076,0.0,Neutral,2023-10-10 22:55:00-04:00
FOREX:EUR,0.13459,0.0,Neutral,2023-10-10 22:55:00-04:00
FOREX:EUR,0.124486,0.0,Neutral,2023-10-10 22:55:00-04:00
FOREX:EUR,0.124486,0.0,Neutral,2023-10-10 22:55:00-04:00
FOREX:EUR,0.05749,0.0,Neutral,2023-10-10 21:06:39-04:00
FOREX:EUR,0.072655,0.082538,Neutral,2023-10-10 20:55:54-04:00
FOREX:EUR,0.18967,-0.033054,Neutral,2023-10-10 20:11:20-04:00
FOREX:EUR,0.439786,0.173109,Somewhat-Bullish,2023-10-10 18:56:00-04:00
FOREX:EUR,0.12165,0.172464,Somewhat-Bullish,2023-10-10 18:14:00-04:00
FOREX:EUR,0.120431,0.029517,Neutral,2023-10-10 18:08:20-04:00
FOREX:EUR,0.137409,0.088025,Neutral,2023-10-10 15:37:24-04:00
FOREX:EUR,0.107495,0.0,Neutral,2023-10-10 14:57:49-04:00
FOREX:EUR,0.151539,0.121127,Neutral,2023-10-10 14:11:00-04:00
FOREX:EUR,0.200688,0.008253,Neutral,2023-10-10 13:00:24-04:00
FOREX:EUR,0.302243,-0.028313,Neutral,2023-10-10 12:21:00-04:00
FOREX:EUR,0.108466,0.04887,Neutral,2023-10-10 12:00:00-04:00
FOREX:EUR,0.144275,0.1191,Neutral,2023-10-10 11:45:00-04:00
FOREX:EUR,0.198221,-0.068182,Neutral,2023-10-10 10:40:00-04:00
FOREX:EUR,0.032121,-0.004753,Neutral,2023-10-10 10:20:59-04:00
FOREX:EUR,0.04912,0.070771,Neutral,2023-10-10 09:10:00-04:00
FOREX:EUR,0.022452,-0.193444,Somewhat-Bearish,2023-10-10 08:16:00-04:00
FOREX:EUR,0.165031,0.054147,Neutral,2023-10-10 07:47:00-04:00
FOREX:EUR,0.301315,0.07474,Neutral,2023-10-10 07:39:00-04:00
FOREX:EUR,0.104683,0.217157,Somewhat-Bullish,2023-10-10 07:30:00-04:00
FOREX:EUR,0.53784,0.203938,Somewhat-Bullish,2023-10-10 07:22:00-04:00
FOREX:EUR,0.67165,0.296838,Somewhat-Bullish,2023-10-10 07:13:00-04:00
FOREX:EUR,0.121037,-0.135404,Neutral,2023-10-10 06:40:00-04:00
FOREX:EUR,0.855251,0.089689,Neutral,2023-10-10 06:10:00-04:00
FOREX:EUR,0.064104,0.0,Neutral,2023-10-10 05:45:00-04:00
FOREX:EUR,0.158519,0.140612,Neutral,2023-10-10 05:33:18-04:00
FOREX:EUR,0.325208,-0.117639,Neutral,2023-10-10 05:01:00-04:00
FOREX:EUR,0.082677,0.103312,Neutral,2023-10-10 04:51:00-04:00
FOREX:EUR,0.101154,0.143136,Neutral,2023-10-10 04:40:09-04:00
FOREX:EUR,0.238133,0.596461,Bullish,2023-10-10 04:14:51-04:00
FOREX:EUR,0.082111,0.103478,Neutral,2023-10-10 04:10:00-04:00
FOREX:EUR,0.316168,0.049183,Neutral,2023-10-10 04:06:00-04:00
FOREX:EUR,0.054236,-0.017002,Neutral,2023-10-10 04:00:00-04:00
FOREX:EUR,0.117486,0.0,Neutral,2023-10-10 03:42:00-04:00
FOREX:EUR,0.073098,0.113875,Neutral,2023-10-10 03:18:43-04:00
FOREX:EUR,0.087503,0.067379,Neutral,2023-10-10 01:30:00-04:00
FOREX:EUR,0.087503,0.067379,Neutral,2023-10-10 01:30:00-04:00
FOREX:EUR,0.137278,0.0,Neutral,2023-10-09 22:51:00-04:00
FOREX:EUR,0.127456,0.0,Neutral,2023-10-09 22:51:00-04:00
FOREX:EUR,0.122581,0.0,Neutral,2023-10-09 22:51:00-04:00
FOREX:EUR,0.119235,0.0,Neutral,2023-10-09 22:51:00-04:00
FOREX:EUR,0.119235,0.0,Neutral,2023-10-09 22:51:00-04:00
FOREX:EUR,0.117774,0.0,Neutral,2023-10-09 22:51:00-04:00
FOREX:EUR,0.117774,0.0,Neutral,2023-10-09 22:51:00-04:00
FOREX:EUR,0.117486,0.0,Neutral,2023-10-09 22:51:00-04:00
FOREX:EUR,0.08687,-0.034567,Neutral,2023-10-09 20:47:00-04:00
FOREX:EUR,0.199859,-0.203718,Somewhat-Bearish,2023-10-09 20:30:47-04:00
FOREX:EUR,0.03878,0.180438,Somewhat-Bullish,2023-10-09 19:00:09-04:00
FOREX:EUR,0.112532,-0.026212,Neutral,2023-10-09 18:00:56-04:00
FOREX:EUR,0.421485,0.02033,Neutral,2023-10-09 17:24:57-04:00
FOREX:EUR,0.097062,-0.089562,Neutral,2023-10-09 13:27:00-04:00
FOREX:EUR,0.252987,0.122799,Neutral,2023-10-09 13:04:00-04:00
FOREX:EUR,0.03178,-0.026225,Neutral,2023-10-09 11:15:00-04:00
FOREX:EUR,0.067727,-0.054749,Neutral,2023-10-09 09:04:00-04:00
FOREX:EUR,0.250386,0.216998,Somewhat-Bullish,2023-10-09 08:30:00-04:00
FOREX:EUR,0.078611,-0.180019,Somewhat-Bearish,2023-10-09 08:18:00-04:00
FOREX:EUR,0.158173,-0.049321,Neutral,2023-10-09 08:10:00-04:00
FOREX:EUR,0.061315,-0.028334,Neutral,2023-10-09 08:00:00-04:00
FOREX:EUR,0.103778,-0.121492,Neutral,2023-10-09 07:35:00-04:00
FOREX:EUR,0.085022,-0.121137,Neutral,2023-10-09 07:15:00-04:00
FOREX:EUR,0.058472,-0.129996,Neutral,2023-10-09 07:03:00-04:00
FOREX:EUR,0.150592,-0.20008,Somewhat-Bearish,2023-10-09 07:03:00-04:00
FOREX:EUR,0.034831,0.168486,Somewhat-Bullish,2023-10-09 07:00:00-04:00
FOREX:EUR,0.188193,0.0,Neutral,2023-10-09 05:22:05-04:00
FOREX:EUR,0.598621,-0.308488,Somewhat-Bearish,2023-10-09 04:39:00-04:00
FOREX:EUR,0.053153,0.27688,Somewhat-Bullish,2023-10-09 02:30:43-04:00
FOREX:EUR,0.05654,0.0,Neutral,2023-10-09 01:34:00-04:00
FOREX:EUR,0.087503,0.067379,Neutral,2023-10-09 01:30:00-04:00
FOREX:EUR,0.087503,0.067379,Neutral,2023-10-09 01:30:00-04:00
FOREX:EUR,0.077593,0.062348,Neutral,2023-10-09 00:32:00-04:00
FOREX:EUR,0.039096,0.169667,Somewhat-Bullish,2023-10-09 00:00:57-04:00
FOREX:EUR,0.200134,0.157722,Somewhat-Bullish,2023-10-08 22:58:00-04:00
FOREX:EUR,0.198493,0.156746,Somewhat-Bullish,2023-10-08 22:58:00-04:00
FOREX:EUR,0.198493,0.156746,Somewhat-Bullish,2023-10-08 22:58:00-04:00
FOREX:EUR,0.193207,0.153616,Somewhat-Bullish,2023-10-08 22:58:00-04:00
FOREX:EUR,0.123526,0.0,Neutral,2023-10-08 22:58:00-04:00
FOREX:EUR,0.123526,0.0,Neutral,2023-10-08 22:58:00-04:00
FOREX:EUR,0.113597,0.0,Neutral,2023-10-08 22:58:00-04:00
FOREX:EUR,0.328819,-0.02178,Neutral,2023-10-08 21:52:00-04:00
FOREX:EUR,0.189175,0.115889,Neutral,2023-10-08 20:47:34-04:00
FOREX:EUR,0.183895,-0.030083,Neutral,2023-10-08 20:24:22-04:00
FOREX:EUR,0.1789,0.112811,Neutral,2023-10-08 20:04:44-04:00
FOREX:EUR,0.188928,-0.196951,Somewhat-Bearish,2023-10-08 20:00:22-04:00
FOREX:EUR,0.221481,0.132528,Neutral,2023-10-08 19:06:00-04:00
FOREX:EUR,0.227007,-0.247856,Somewhat-Bearish,2023-10-08 15:01:00-04:00
FOREX:EUR,0.185306,-0.155949,Somewhat-Bearish,2023-10-08 08:15:01-04:00
FOREX:EUR,0.152499,-0.136652,Neutral,2023-10-08 08:15:00-04:00
FOREX:EUR,0.061631,-0.112022,Neutral,2023-10-07 15:52:00-04:00
FOREX:EUR,0.852739,0.44634,Bullish,2023-10-07 03:30:50-04:00
FOREX:EUR,0.054359,0.022053,Neutral,2023-10-07 03:27:23-04:00
FOREX:EUR,0.070935,0.153236,Somewhat-Bullish,2023-10-07 02:56:46-04:00
FOREX:EUR,0.380978,-0.140777,Neutral,2023-10-06 14:25:00-04:00
FOREX:EUR,0.061631,-0.07086,Neutral,2023-10-06 12:27:09-04:00
FOREX:EUR,0.299478,0.132281,Neutral,2023-10-06 10:45:00-04:00
FOREX:EUR,0.175221,-0.060765,Neutral,2023-10-06 10:43:00-04:00
FOREX:EUR,0.19117,0.226826,Somewhat-Bullish,2023-10-06 09:31:22-04:00
FOREX:EUR,0.151539,-0.013586,Neutral,2023-10-06 09:23:00-04:00
FOREX:EUR,0.029078,0.031902,Neutral,2023-10-06 09:00:01-04:00
FOREX:EUR,0.699089,0.13518,Neutral,2023-10-06 08:58:00-04:00
FOREX:EUR,0.033799,0.120957,Neutral,2023-10-06 07:00:01-04:00
FOREX:EUR,0.095899,0.131577,Neutral,2023-10-06 06:41:00-04:00
FOREX:EUR,0.207571,0.198556,Somewhat-Bullish,2023-10-06 06:41:00-04:00
FOREX:EUR,0.098255,0.0,Neutral,2023-10-06 06:35:00-04:00
FOREX:EUR,0.107016,0.0,Neutral,2023-10-06 06:21:00-04:00
FOREX:EUR,0.155451,-0.193548,Somewhat-Bearish,2023-10-06 05:39:00-04:00
FOREX:EUR,0.224903,0.224514,Somewhat-Bullish,2023-10-06 03:50:00-04:00
FOREX:EUR,0.034933,0.0,Neutral,2023-10-06 03:24:55-04:00
FOREX:EUR,0.047092,-0.204746,Somewhat-Bearish,2023-10-06 03:09:00-04:00
FOREX:EUR,0.499789,0.166099,Somewhat-Bullish,2023-10-06 02:36:00-04:00
FOREX:EUR,0.087503,0.067379,Neutral,2023-10-06 01:30:00-04:00
FOREX:EUR,0.087503,0.067379,Neutral,2023-10-06 01:30:00-04:00
FOREX:EUR,0.077593,0.083907,Neutral,2023-10-05 22:40:00-04:00
FOREX:EUR,0.127119,0.0,Neutral,2023-10-05 22:22:00-04:00
FOREX:EUR,0.113329,0.0,Neutral,2023-10-05 22:22:00-04:00
FOREX:EUR,0.073546,-0.187865,Somewhat-Bearish,2023-10-05 22:18:32-04:00
FOREX:EUR,0.148273,-0.027671,Neutral,2023-10-05 21:39:18-04:00
FOREX:EUR,0.107016,-0.129239,Neutral,2023-10-05 20:20:42-04:00
FOREX:EUR,0.073546,-0.084635,Neutral,2023-10-05 18:37:00-04:00
FOREX:EUR,0.201244,0.221689,Somewhat-Bullish,2023-10-05 14:19:26-04:00
FOREX:EUR,0.039944,0.124007,Neutral,2023-10-05 14:00:00-04:00
FOREX:EUR,0.028388,-0.032934,Neutral,2023-10-05 12:27:00-04:00
FOREX:EUR,0.085022,-0.064508,Neutral,2023-10-05 12:26:00-04:00
FOREX:EUR,0.043421,0.100912,Neutral,2023-10-05 12:01:00-04:00
FOREX:EUR,0.043421,0.100912,Neutral,2023-10-05 12:01:00-04:00
FOREX:EUR,0.058903,0.096007,Neutral,2023-10-05 11:57:00-04:00
FOREX:EUR,0.162802,0.115709,Neutral,2023-10-05 11:19:00-04:00
FOREX:EUR,0.162802,0.115709,Neutral,2023-10-05 11:19:00-04:00
FOREX:EUR,0.049019,-0.045754,Neutral,2023-10-05 10:09:00-04:00
FOREX:EUR,0.025817,0.048638,Neutral,2023-10-05 09:55:00-04:00
FOREX:EUR,0.215894,0.011819,Neutral,2023-10-05 09:48:00-04:00
FOREX:EUR,0.092927,0.103312,Neutral,2023-10-05 09:30:26-04:00
FOREX:EUR,0.185306,0.205741,Somewhat-Bullish,2023-10-05 09:28:00-04:00
FOREX:EUR,0.077593,-0.065072,Neutral,2023-10-05 08:47:55-04:00
FOREX:EUR,0.054114,-0.124095,Neutral,2023-10-05 08:47:55-04:00
FOREX:EUR,0.048425,-0.141893,Neutral,2023-10-05 08:44:00-04:00
FOREX:EUR,0.119235,-0.106126,Neutral,2023-10-05 07:32:00-04:00
FOREX:EUR,0.384102,0.575708,Bullish,2023-10-05 07:00:00-04:00
FOREX:EUR,0.176502,-0.128353,Neutral,2023-10-05 05:40:00-04:00
FOREX:EUR,0.101582,-0.127172,Neutral,2023-10-05 04:34:00-04:00
FOREX:EUR,0.11894,0.102615,Neutral,2023-10-05 02:45:29-04:00
FOREX:EUR,0.009814,0.120816,Neutral,2023-10-05 02:00:00-04:00
FOREX:EUR,0.029926,-0.025721,Neutral,2023-10-05 02:00:00-04:00
FOREX:EUR,0.087503,0.067379,Neutral,2023-10-05 01:30:00-04:00
FOREX:EUR,0.087503,0.067379,Neutral,2023-10-05 01:30:00-04:00
FOREX:EUR,0.331765,0.070206,Neutral,2023-10-04 21:32:16-04:00
FOREX:EUR,0.195814,-0.099783,Neutral,2023-10-04 21:00:20-04:00
FOREX:EUR,0.277118,-0.081945,Neutral,2023-10-04 20:07:35-04:00
FOREX:EUR,0.130571,0.131424,Neutral,2023-10-04 18:40:00-04:00
FOREX:EUR,0.035086,0.132794,Neutral,2023-10-04 17:15:00-04:00
FOREX:EUR,0.117678,-0.168213,Somewhat-Bearish,2023-10-04 16:46:21-04:00
FOREX:EUR,0.097854,0.099299,Neutral,2023-10-04 16:30:00-04:00
FOREX:EUR,0.170075,-0.056157,Neutral,2023-10-04 16:22:08-04:00
FOREX:EUR,0.388879,0.0,Neutral,2023-10-04 15:20:00-04:00
FOREX:EUR,0.070935,0.104532,Neutral,2023-10-04 14:45:00-04:00
FOREX:EUR,0.041901,0.073098,Neutral,2023-10-04 14:30:00-04:00
FOREX:EUR,0.035714,-0.033609,Neutral,2023-10-04 12:13:00-04:00
FOREX:EUR,0.171282,-0.21976,Somewhat-Bearish,2023-10-04 11:43:03-04:00
FOREX:EUR,0.055236,0.037966,Neutral,2023-10-04 09:50:00-04:00
FOREX:EUR,0.059049,0.156002,Somewhat-Bullish,2023-10-04 09:00:00-04:00
FOREX:EUR,0.084127,-0.016678,Neutral,2023-10-04 07:17:00-04:00
FOREX:EUR,0.064104,0.148182,Neutral,2023-10-04 07:12:00-04:00
FOREX:EUR,0.175859,0.030039,Neutral,2023-10-04 06:34:00-04:00
FOREX:EUR,0.343279,-0.23561,Somewhat-Bearish,2023-10-04 05:27:00-04:00
FOREX:EUR,0.60415,-0.539426,Bearish,2023-10-04 05:07:57-04:00
FOREX:EUR,0.331765,0.0,Neutral,2023-10-04 04:38:00-04:00
FOREX:EUR,0.28664,-0.004329,Neutral,2023-10-04 04:27:00-04:00
FOREX:EUR,0.087503,0.067379,Neutral,2023-10-04 01:30:00-04:00
FOREX:EUR,0.087503,0.067379,Neutral,2023-10-04 01:30:00-04:00
FOREX:EUR,0.037622,-0.096552,Neutral,2023-10-03 21:43:38-04:00
FOREX:EUR,0.088147,0.050473,Neutral,2023-10-03 21:26:18-04:00
FOREX:EUR,0.084722,0.061793,Neutral,2023-10-03 21:15:00-04:00
FOREX:EUR,0.156461,0.032385,Neutral,2023-10-03 21:04:57-04:00
FOREX:EUR,0.117774,-0.245088,Somewhat-Bearish,2023-10-03 21:02:21-04:00
FOREX:EUR,0.799626,-0.255675,Somewhat-Bearish,2023-10-03 20:36:35-04:00
FOREX:EUR,0.051886,-0.06162,Neutral,2023-10-03 20:00:00-04:00
FOREX:EUR,0.046184,0.060017,Neutral,2023-10-03 18:15:00-04:00
FOREX:EUR,0.384102,0.575708,Bullish,2023-10-03 16:27:00-04:00
FOREX:EUR,0.098659,0.070824,Neutral,2023-10-03 15:11:00-04:00
FOREX:EUR,0.419153,-0.42475,Bearish,2023-10-03 10:12:00-04:00
FOREX:EUR,0.150592,-0.031921,Neutral,2023-10-03 09:34:11-04:00
FOREX:EUR,0.049629,-0.081724,Neutral,2023-10-03 09:25:00-04:00
FOREX:EUR,0.008995,0.109504,Neutral,2023-10-03 09:15:00-04:00
FOREX:EUR,0.305058,0.28827,Somewhat-Bullish,2023-10-03 07:00:00-04:00
FOREX:EUR,0.048327,0.027901,Neutral,2023-10-03 06:01:00-04:00
FOREX:EUR,0.066598,-0.143364,Neutral,2023-10-03 05:41:00-04:00
FOREX:EUR,0.295867,-0.131006,Neutral,2023-10-03 04:09:00-04:00
FOREX:EUR,0.075874,0.133458,Neutral,2023-10-03 03:48:47-04:00
FOREX:EUR,0.076115,0.118758,Neutral,2023-10-03 03:22:51-04:00
FOREX:EUR,0.087503,0.067379,Neutral,2023-10-03 01:30:00-04:00
FOREX:EUR,0.087503,0.067379,Neutral,2023-10-03 01:30:00-04:00
FOREX:EUR,0.231884,-0.154386,Somewhat-Bearish,2023-10-03 01:12:45-04:00
FOREX:EUR,0.112532,0.139318,Neutral,2023-10-03 00:04:18-04:00
FOREX:EUR,0.151064,0.0,Neutral,2023-10-02 23:31:00-04:00
FOREX:EUR,0.14131,0.0,Neutral,2023-10-02 23:31:00-04:00
FOREX:EUR,0.126119,0.0,Neutral,2023-10-02 23:31:00-04:00
FOREX:EUR,0.21686,-0.215066,Somewhat-Bearish,2023-10-02 22:19:45-04:00
FOREX:EUR,0.035929,0.088838,Neutral,2023-10-02 20:55:00-04:00
FOREX:EUR,0.089797,-0.010536,Neutral,2023-10-02 20:36:35-04:00
FOREX:EUR,0.038131,0.148447,Neutral,2023-10-02 15:55:38-04:00
FOREX:EUR,0.038655,0.137122,Neutral,2023-10-02 15:55:00-04:00
FOREX:EUR,0.039096,0.102072,Neutral,2023-10-02 12:43:49-04:00
FOREX:EUR,0.352557,-0.21324,Somewhat-Bearish,2023-10-02 10:58:00-04:00
FOREX:EUR,0.751437,0.234921,Somewhat-Bullish,2023-10-02 08:53:00-04:00
FOREX:EUR,0.052226,-0.011,Neutral,2023-10-02 08:10:37-04:00
FOREX:EUR,0.305328,-0.004667,Neutral,2023-10-02 08:02:01-04:00
FOREX:EUR,0.046006,0.100533,Neutral,2023-10-02 07:29:00-04:00
FOREX:EUR,0.073321,0.110872,Neutral,2023-10-02 05:54:00-04:00
FOREX:EUR,0.083251,0.0,Neutral,2023-10-02 05:34:00-04:00
FOREX:EUR,0.3007,-0.018318,Neutral,2023-10-02 05:26:00-04:00
FOREX:EUR,0.07157,0.243144,Somewhat-Bullish,2023-10-02 05:00:00-04:00
FOREX:EUR,0.160633,-0.159012,Somewhat-Bearish,2023-10-02 04:05:59-04:00
FOREX:EUR,0.235823,-0.100257,Neutral,2023-10-02 04:02:00-04:00
FOREX:EUR,0.172097,-0.112212,Neutral,2023-10-02 03:48:00-04:00
FOREX:EUR,0.154951,-0.0409,Neutral,2023-10-02 02:16:47-04:00
FOREX:EUR,0.087503,0.067379,Neutral,2023-10-02 01:30:00-04:00
FOREX:EUR,0.087503,0.067379,Neutral,2023-10-02 01:30:00-04:00
FOREX:EUR,0.270773,-0.181915,Somewhat-Bearish,2023-10-02 00:03:49-04:00
FOREX:EUR,0.140076,0.0,Neutral,2023-10-02 00:02:00-04:00
FOREX:EUR,0.082111,-0.274976,Somewhat-Bearish,2023-10-01 21:17:00-04:00
FOREX:EUR,0.046907,0.049887,Neutral,2023-10-01 19:01:09-04:00
FOREX:EUR,0.051441,0.185486,Somewhat-Bullish,2023-10-01 17:02:43-04:00
FOREX:EUR,0.047278,-0.131267,Neutral,2023-10-01 11:00:57-04:00
FOREX:EUR,0.025873,0.118275,Neutral,2023-10-01 07:50:00-04:00
FOREX:EUR,0.0699,0.132361,Neutral,2023-10-01 03:04:42-04:00
FOREX:EUR,0.05749,0.183997,Somewhat-Bullish,2023-09-30 22:36:00-04:00
FOREX:EUR,0.05749,0.183997,Somewhat-Bullish,2023-09-30 22:36:00-04:00
FOREX:EUR,0.182967,-0.034568,Neutral,2023-09-30 17:05:03-04:00
FOREX:EUR,0.118647,-0.157007,Somewhat-Bearish,2023-09-30 06:59:00-04:00
FOREX:EUR,0.04303,0.091926,Neutral,2023-09-30 06:01:43-04:00
FOREX:EUR,0.090816,0.166589,Somewhat-Bullish,2023-09-30 03:20:42-04:00
FOREX:EUR,0.097854,0.114171,Neutral,2023-09-30 01:34:43-04:00
FOREX:EUR,0.067727,0.155219,Somewhat-Bullish,2023-09-29 20:30:00-04:00
FOREX:EUR,0.048919,0.151296,Somewhat-Bullish,2023-09-29 20:15:00-04:00
FOREX:EUR,0.067536,0.155158,Somewhat-Bullish,2023-09-29 20:00:00-04:00
FOREX:EUR,0.069294,0.155736,Somewhat-Bullish,2023-09-29 19:30:00-04:00
FOREX:EUR,0.044304,0.151026,Somewhat-Bullish,2023-09-29 19:00:00-04:00
FOREX:EUR,0.118354,0.066252,Neutral,2023-09-29 17:00:00-04:00
FOREX:EUR,0.340915,-0.035381,Neutral,2023-09-29 14:08:59-04:00
FOREX:EUR,0.100676,0.176403,Somewhat-Bullish,2023-09-29 13:49:00-04:00
FOREX:EUR,0.340915,0.153434,Somewhat-Bullish,2023-09-29 13:28:00-04:00
FOREX:EUR,0.051111,0.040662,Neutral,2023-09-29 13:04:00-04:00
FOREX:EUR,0.086556,0.20035,Somewhat-Bullish,2023-09-29 13:00:00-04:00
FOREX:EUR,0.086556,0.20035,Somewhat-Bullish,2023-09-29 13:00:00-04:00
FOREX:EUR,0.086245,-0.114376,Neutral,2023-09-29 13:00:00-04:00
FOREX:EUR,0.28008,0.098903,Neutral,2023-09-29 12:46:00-04:00
FOREX:EUR,0.175859,0.229701,Somewhat-Bullish,2023-09-29 09:50:44-04:00
FOREX:EUR,0.185781,0.203282,Somewhat-Bullish,2023-09-29 08:33:16-04:00
FOREX:EUR,0.046006,0.027857,Neutral,2023-09-29 08:32:00-04:00
FOREX:EUR,0.110973,0.073447,Neutral,2023-09-29 08:30:24-04:00
FOREX:EUR,0.009702,0.024669,Neutral,2023-09-29 08:00:00-04:00
FOREX:EUR,0.009702,0.024669,Neutral,2023-09-29 08:00:00-04:00
FOREX:EUR,0.100729,-0.092591,Neutral,2023-09-29 07:09:00-04:00
FOREX:EUR,0.048036,-0.06509,Neutral,2023-09-29 06:18:00-04:00
FOREX:EUR,0.10607,0.082097,Neutral,2023-09-29 06:18:00-04:00
FOREX:EUR,0.119235,0.085704,Neutral,2023-09-29 05:34:00-04:00
FOREX:EUR,0.137278,-0.093242,Neutral,2023-09-29 05:31:50-04:00
FOREX:EUR,0.331765,-0.456449,Bearish,2023-09-29 05:09:19-04:00
FOREX:EUR,0.372634,-0.171692,Somewhat-Bearish,2023-09-29 05:05:00-04:00
FOREX:EUR,0.838176,0.255704,Somewhat-Bullish,2023-09-29 03:24:44-04:00
FOREX:EUR,0.042647,0.200074,Somewhat-Bullish,2023-09-29 01:43:00-04:00
FOREX:EUR,0.089797,0.19445,Somewhat-Bullish,2023-09-29 01:34:32-04:00
FOREX:EUR,0.087503,0.067379,Neutral,2023-09-29 01:30:00-04:00
FOREX:EUR,0.087503,0.067379,Neutral,2023-09-29 01:30:00-04:00
FOREX:EUR,0.041466,-0.163721,Somewhat-Bearish,2023-09-29 01:10:47-04:00
FOREX:EUR,0.041039,0.0,Neutral,2023-09-29 01:03:58-04:00
FOREX:EUR,0.415927,-0.040773,Neutral,2023-09-29 00:09:18-04:00
FOREX:EUR,0.096283,0.0,Neutral,2023-09-28 23:24:00-04:00
FOREX:EUR,0.062434,0.0,Neutral,2023-09-28 23:24:00-04:00
FOREX:EUR,0.215574,-0.243095,Somewhat-Bearish,2023-09-28 21:08:36-04:00
FOREX:EUR,0.051111,0.037681,Neutral,2023-09-28 18:26:36-04:00
FOREX:EUR,0.039483,-0.023683,Neutral,2023-09-28 18:00:09-04:00
FOREX:EUR,0.050786,0.109651,Neutral,2023-09-28 13:47:58-04:00
FOREX:EUR,0.015644,0.069196,Neutral,2023-09-28 13:18:00-04:00
FOREX:EUR,0.779232,0.0318,Neutral,2023-09-28 12:59:49-04:00
FOREX:EUR,0.067347,0.137042,Neutral,2023-09-28 12:30:32-04:00
FOREX:EUR,0.071784,0.145196,Neutral,2023-09-28 12:29:00-04:00
FOREX:EUR,0.071784,0.145196,Neutral,2023-09-28 12:29:00-04:00
FOREX:EUR,0.256538,0.153308,Somewhat-Bullish,2023-09-28 12:29:00-04:00
FOREX:EUR,0.256538,0.153308,Somewhat-Bullish,2023-09-28 12:29:00-04:00
FOREX:EUR,0.019255,-0.242775,Somewhat-Bearish,2023-09-28 12:12:32-04:00
FOREX:EUR,0.124164,0.051524,Neutral,2023-09-28 12:03:00-04:00
FOREX:EUR,0.202366,-0.197522,Somewhat-Bearish,2023-09-28 11:49:26-04:00
FOREX:EUR,0.032602,0.108728,Neutral,2023-09-28 11:45:00-04:00
FOREX:EUR,0.029149,0.147455,Neutral,2023-09-28 11:40:00-04:00
FOREX:EUR,0.011563,0.052335,Neutral,2023-09-28 11:38:00-04:00
FOREX:EUR,0.061949,0.214194,Somewhat-Bullish,2023-09-28 11:15:00-04:00
FOREX:EUR,0.366961,-0.233977,Somewhat-Bearish,2023-09-28 10:47:35-04:00
FOREX:EUR,0.324139,-0.252577,Somewhat-Bearish,2023-09-28 09:24:00-04:00
FOREX:EUR,0.121037,0.0,Neutral,2023-09-28 09:22:31-04:00
FOREX:EUR,0.08687,0.069693,Neutral,2023-09-28 09:18:44-04:00
FOREX:EUR,0.231332,0.098715,Neutral,2023-09-28 08:39:00-04:00
FOREX:EUR,0.081001,-0.022631,Neutral,2023-09-28 08:17:00-04:00
FOREX:EUR,0.666827,-0.09727,Neutral,2023-09-28 06:21:00-04:00
FOREX:EUR,0.058188,0.0,Neutral,2023-09-28 06:20:06-04:00
FOREX:EUR,0.055364,-0.074308,Neutral,2023-09-28 06:18:00-04:00
FOREX:EUR,0.111488,-0.156604,Somewhat-Bearish,2023-09-28 06:18:00-04:00
FOREX:EUR,0.021797,0.017951,Neutral,2023-09-28 06:12:24-04:00
FOREX:EUR,0.48457,-0.106354,Neutral,2023-09-28 05:46:21-04:00
FOREX:EUR,0.079392,-0.145468,Neutral,2023-09-28 05:25:00-04:00
FOREX:EUR,0.048919,0.037039,Neutral,2023-09-28 05:23:05-04:00
FOREX:EUR,0.043381,-0.064689,Neutral,2023-09-28 05:20:10-04:00
FOREX:EUR,0.043381,-0.064689,Neutral,2023-09-28 05:20:10-04:00
FOREX:EUR,0.077593,0.130919,Neutral,2023-09-28 05:19:40-04:00
FOREX:EUR,0.124164,0.026287,Neutral,2023-09-28 05:08:21-04:00
FOREX:EUR,0.118647,-0.131921,Neutral,2023-09-28 05:00:36-04:00
FOREX:EUR,0.342487,-0.083728,Neutral,2023-09-28 04:37:00-04:00
FOREX:EUR,0.046543,-0.044002,Neutral,2023-09-28 03:56:24-04:00
FOREX:EUR,0.039548,0.143301,Neutral,2023-09-28 03:02:34-04:00
FOREX:EUR,0.746257,-0.266881,Somewhat-Bearish,2023-09-28 01:36:29-04:00
FOREX:EUR,0.087503,0.067379,Neutral,2023-09-28 01:30:00-04:00
FOREX:EUR,0.087503,0.067379,Neutral,2023-09-28 01:30:00-04:00
FOREX:EUR,0.143415,-0.234312,Somewhat-Bearish,2023-09-28 01:04:14-04:00
FOREX:EUR,0.061159,-0.070002,Neutral,2023-09-27 20:04:20-04:00
FOREX:EUR,0.041755,-0.057737,Neutral,2023-09-27 16:31:04-04:00
FOREX:EUR,0.097854,0.099299,Neutral,2023-09-27 16:30:00-04:00
FOREX:EUR,0.122269,0.192437,Somewhat-Bullish,2023-09-27 14:00:00-04:00
FOREX:EUR,0.055751,-0.013034,Neutral,2023-09-27 12:43:04-04:00
FOREX:EUR,0.057215,-0.015073,Neutral,2023-09-27 12:43:00-04:00
FOREX:EUR,0.269776,0.00623,Neutral,2023-09-27 12:40:00-04:00
FOREX:EUR,0.072,0.031427,Neutral,2023-09-27 10:31:00-04:00
FOREX:EUR,0.148273,0.0719,Neutral,2023-09-27 10:28:20-04:00
FOREX:EUR,0.44021,-0.110322,Neutral,2023-09-27 09:05:00-04:00
FOREX:EUR,0.135347,0.009754,Neutral,2023-09-27 08:23:00-04:00
FOREX:EUR,0.182506,0.039873,Neutral,2023-09-27 07:51:00-04:00
FOREX:EUR,0.138464,0.17134,Somewhat-Bullish,2023-09-27 07:18:00-04:00
FOREX:EUR,0.110462,-0.103052,Neutral,2023-09-27 06:54:00-04:00
FOREX:EUR,0.386875,-0.158785,Somewhat-Bearish,2023-09-27 06:05:37-04:00
FOREX:EUR,0.254751,-0.011961,Neutral,2023-09-27 05:52:00-04:00
FOREX:EUR,0.022473,-0.008633,Neutral,2023-09-27 05:45:08-04:00
FOREX:EUR,0.095138,0.0,Neutral,2023-09-27 05:24:00-04:00
FOREX:EUR,0.097854,-0.052918,Neutral,2023-09-27 04:05:00-04:00
FOREX:EUR,0.060236,0.082,Neutral,2023-09-27 03:22:42-04:00
FOREX:EUR,0.178459,0.182247,Somewhat-Bullish,2023-09-27 03:12:00-04:00
FOREX:EUR,0.052226,-0.132553,Neutral,2023-09-27 02:35:00-04:00
FOREX:EUR,0.087503,0.067379,Neutral,2023-09-27 01:30:00-04:00
FOREX:EUR,0.087503,0.067379,Neutral,2023-09-27 01:30:00-04:00
FOREX:EUR,0.082963,0.068088,Neutral,2023-09-27 00:14:16-04:00
FOREX:EUR,0.095138,-0.063094,Neutral,2023-09-26 23:41:53-04:00
FOREX:EUR,0.131643,-0.175298,Somewhat-Bearish,2023-09-26 20:57:49-04:00
FOREX:EUR,0.085629,0.0,Neutral,2023-09-26 19:00:00-04:00
FOREX:EUR,0.060236,0.0,Neutral,2023-09-26 16:36:00-04:00
FOREX:EUR,0.070105,-0.054994,Neutral,2023-09-26 15:42:11-04:00
FOREX:EUR,0.172097,0.202484,Somewhat-Bullish,2023-09-26 14:55:00-04:00
FOREX:EUR,0.565345,0.153024,Somewhat-Bullish,2023-09-26 14:48:57-04:00
FOREX:EUR,0.09439,-0.062957,Neutral,2023-09-26 13:28:29-04:00
FOREX:EUR,0.046452,0.072391,Neutral,2023-09-26 13:00:00-04:00
FOREX:EUR,0.124809,0.240701,Somewhat-Bullish,2023-09-26 12:58:59-04:00
FOREX:EUR,0.058472,0.0,Neutral,2023-09-26 12:15:00-04:00
FOREX:EUR,0.263942,0.031344,Neutral,2023-09-26 11:17:44-04:00
FOREX:EUR,0.113597,0.0,Neutral,2023-09-26 10:55:32-04:00
FOREX:EUR,0.101582,-0.064356,Neutral,2023-09-26 09:32:29-04:00
FOREX:EUR,0.21686,0.04269,Neutral,2023-09-26 09:08:42-04:00
FOREX:EUR,0.021797,-0.046812,Neutral,2023-09-26 09:06:00-04:00
FOREX:EUR,0.050786,0.085964,Neutral,2023-09-26 08:48:00-04:00
FOREX:EUR,0.023259,0.090786,Neutral,2023-09-26 05:55:03-04:00
FOREX:EUR,0.140076,0.171179,Somewhat-Bullish,2023-09-26 05:21:00-04:00
FOREX:EUR,0.130217,0.0,Neutral,2023-09-26 05:01:00-04:00
FOREX:EUR,0.056674,0.214995,Somewhat-Bullish,2023-09-26 02:54:49-04:00
FOREX:EUR,0.05339,0.066796,Neutral,2023-09-26 02:52:46-04:00
FOREX:EUR,0.087503,0.067379,Neutral,2023-09-26 01:30:00-04:00
FOREX:EUR,0.087503,0.067379,Neutral,2023-09-26 01:30:00-04:00
FOREX:EUR,0.127456,0.189455,Somewhat-Bullish,2023-09-26 00:05:06-04:00
FOREX:EUR,0.208764,-0.061872,Neutral,2023-09-25 23:19:04-04:00
FOREX:EUR,0.22421,0.108107,Neutral,2023-09-25 23:13:00-04:00
FOREX:EUR,0.199584,0.09561,Neutral,2023-09-25 23:13:00-04:00
FOREX:EUR,0.176717,0.087406,Neutral,2023-09-25 23:13:00-04:00
FOREX:EUR,0.101582,0.0,Neutral,2023-09-25 23:13:00-04:00
FOREX:EUR,0.222157,-0.064965,Neutral,2023-09-25 22:18:40-04:00
FOREX:EUR,0.067536,0.054292,Neutral,2023-09-25 20:45:00-04:00
FOREX:EUR,0.208166,-0.213981,Somewhat-Bearish,2023-09-25 20:03:20-04:00
FOREX:EUR,0.063258,0.104423,Neutral,2023-09-25 18:00:24-04:00
FOREX:EUR,0.18967,0.010505,Neutral,2023-09-25 12:13:25-04:00
FOREX:EUR,0.504646,0.126936,Neutral,2023-09-25 11:36:00-04:00
FOREX:EUR,0.261117,-0.168029,Somewhat-Bearish,2023-09-25 11:28:00-04:00
FOREX:EUR,0.426225,0.0,Neutral,2023-09-25 11:27:03-04:00
FOREX:EUR,0.095899,-0.14748,Neutral,2023-09-25 11:17:00-04:00
FOREX:EUR,0.04303,0.0,Neutral,2023-09-25 11:11:00-04:00
FOREX:EUR,0.075874,-0.07886,Neutral,2023-09-25 10:52:00-04:00
FOREX:EUR,0.079392,0.043507,Neutral,2023-09-25 10:20:00-04:00
FOREX:EUR,0.035714,-0.049377,Neutral,2023-09-25 09:32:00-04:00
FOREX:EUR,0.044141,0.065813,Neutral,2023-09-25 09:08:10-04:00
FOREX:EUR,0.088799,0.162698,Somewhat-Bullish,2023-09-25 09:06:44-04:00
FOREX:EUR,0.291182,-0.286462,Somewhat-Bearish,2023-09-25 08:04:00-04:00
FOREX:EUR,0.056407,0.103024,Neutral,2023-09-25 07:51:15-04:00
FOREX:EUR,0.055046,0.100831,Neutral,2023-09-25 07:21:51-04:00
FOREX:EUR,0.104683,-0.135926,Neutral,2023-09-25 06:42:00-04:00
FOREX:EUR,0.76367,0.251137,Somewhat-Bullish,2023-09-25 06:20:00-04:00
FOREX:EUR,0.069294,0.095546,Neutral,2023-09-25 06:03:00-04:00
FOREX:EUR,0.048327,0.0,Neutral,2023-09-25 05:18:00-04:00
FOREX:EUR,0.275867,-0.212745,Somewhat-Bearish,2023-09-25 03:56:42-04:00
FOREX:EUR,0.041394,0.044881,Neutral,2023-09-25 03:30:09-04:00
FOREX:EUR,0.111488,-0.101893,Neutral,2023-09-25 03:28:00-04:00
FOREX:EUR,0.188193,-0.22575,Somewhat-Bearish,2023-09-25 03:07:25-04:00
FOREX:EUR,0.04028,0.0,Neutral,2023-09-25 03:03:00-04:00
FOREX:EUR,0.227007,0.174256,Somewhat-Bullish,2023-09-25 02:14:05-04:00
FOREX:EUR,0.087503,0.067379,Neutral,2023-09-25 01:30:00-04:00
FOREX:EUR,0.087503,0.067379,Neutral,2023-09-25 01:30:00-04:00
FOREX:EUR,0.100729,-0.059586,Neutral,2023-09-25 01:15:39-04:00
FOREX:EUR,0.058903,0.0,Neutral,2023-09-24 23:52:00-04:00
FOREX:EUR,0.095899,0.0,Neutral,2023-09-24 23:26:00-04:00
FOREX:EUR,0.171485,0.0,Neutral,2023-09-24 23:26:00-04:00
FOREX:EUR,0.149192,0.0,Neutral,2023-09-24 23:26:00-04:00
FOREX:EUR,0.140896,0.0,Neutral,2023-09-24 23:26:00-04:00
FOREX:EUR,0.130571,0.0,Neutral,2023-09-24 23:26:00-04:00
FOREX:EUR,0.07423,-0.050854,Neutral,2023-09-24 21:00:02-04:00
FOREX:EUR,0.417304,-0.217434,Somewhat-Bearish,2023-09-24 20:43:35-04:00
FOREX:EUR,0.049424,0.043511,Neutral,2023-09-24 20:42:00-04:00
FOREX:EUR,0.068502,-0.050442,Neutral,2023-09-24 20:19:50-04:00
FOREX:EUR,0.1331,-0.082117,Neutral,2023-09-24 20:08:45-04:00
FOREX:EUR,0.16171,0.00281,Neutral,2023-09-24 19:30:13-04:00
FOREX:EUR,0.078354,-0.022793,Neutral,2023-09-24 17:47:00-04:00
FOREX:EUR,0.102449,-0.013103,Neutral,2023-09-24 15:03:00-04:00
FOREX:EUR,0.038655,0.0,Neutral,2023-09-24 13:41:41-04:00
FOREX:EUR,0.106541,0.054907,Neutral,2023-09-24 03:20:44-04:00
FOREX:EUR,0.037387,0.0,Neutral,2023-09-24 02:56:00-04:00
FOREX:EUR,0.109956,0.216167,Somewhat-Bullish,2023-09-24 02:13:35-04:00
FOREX:EUR,0.033656,0.137443,Neutral,2023-09-23 23:02:00-04:00
FOREX:EUR,0.067347,0.059176,Neutral,2023-09-23 22:53:00-04:00
FOREX:EUR,0.056674,0.13954,Neutral,2023-09-23 22:53:00-04:00
FOREX:EUR,0.056674,0.13954,Neutral,2023-09-23 22:53:00-04:00
FOREX:EUR,0.104228,0.135742,Neutral,2023-09-23 20:58:28-04:00
FOREX:EUR,0.504646,-0.242864,Somewhat-Bearish,2023-09-23 16:39:00-04:00
FOREX:EUR,0.03798,0.0,Neutral,2023-09-23 12:56:00-04:00
FOREX:EUR,0.055492,0.3,Somewhat-Bullish,2023-09-23 05:16:00-04:00
FOREX:EUR,0.042196,-0.03266,Neutral,2023-09-23 04:44:09-04:00
FOREX:EUR,0.040484,0.0,Neutral,2023-09-23 04:34:00-04:00
FOREX:EUR,0.04872,0.079873,Neutral,2023-09-23 01:36:42-04:00
FOREX:EUR,0.0268,0.108669,Neutral,2023-09-22 21:33:28-04:00
FOREX:EUR,0.827318,0.0,Neutral,2023-09-22 21:26:00-04:00
FOREX:EUR,0.060694,0.020999,Neutral,2023-09-22 15:41:00-04:00
FOREX:EUR,0.029581,-0.129374,Neutral,2023-09-22 14:53:38-04:00
FOREX:EUR,0.034282,0.057559,Neutral,2023-09-22 14:45:00-04:00
FOREX:EUR,0.504646,0.161527,Somewhat-Bullish,2023-09-22 13:39:00-04:00
FOREX:EUR,0.261117,0.0,Neutral,2023-09-22 13:15:00-04:00
FOREX:EUR,0.141726,0.162385,Somewhat-Bullish,2023-09-22 12:55:00-04:00
FOREX:EUR,0.194242,0.004777,Neutral,2023-09-22 12:25:00-04:00
FOREX:EUR,0.04912,0.101936,Neutral,2023-09-22 11:47:23-04:00
FOREX:EUR,0.033144,0.159273,Somewhat-Bullish,2023-09-22 11:18:04-04:00
FOREX:EUR,0.109455,0.0,Neutral,2023-09-22 08:45:00-04:00
FOREX:EUR,0.086556,-0.27744,Somewhat-Bearish,2023-09-22 08:07:15-04:00
FOREX:EUR,0.033375,-0.035086,Neutral,2023-09-22 07:45:00-04:00
FOREX:EUR,0.031738,-0.03589,Neutral,2023-09-22 07:45:00-04:00
FOREX:EUR,0.176717,0.117012,Neutral,2023-09-22 07:34:00-04:00
FOREX:EUR,0.082393,0.0,Neutral,2023-09-22 07:25:16-04:00
FOREX:EUR,0.371523,-0.4122,Bearish,2023-09-22 07:09:00-04:00
FOREX:EUR,0.077343,0.148067,Neutral,2023-09-22 06:38:00-04:00
FOREX:EUR,0.101582,-0.017603,Neutral,2023-09-22 06:23:00-04:00
FOREX:EUR,0.208464,0.104253,Neutral,2023-09-22 05:54:00-04:00
FOREX:EUR,0.179343,-0.156885,Somewhat-Bearish,2023-09-22 05:19:00-04:00
FOREX:EUR,0.282234,0.092288,Neutral,2023-09-22 05:01:00-04:00
FOREX:EUR,0.10607,0.074503,Neutral,2023-09-22 04:59:29-04:00
FOREX:EUR,0.306963,-0.114066,Neutral,2023-09-22 04:30:00-04:00
FOREX:EUR,0.034332,0.0,Neutral,2023-09-22 04:23:00-04:00
FOREX:EUR,0.095517,0.136738,Neutral,2023-09-22 04:00:00-04:00
FOREX:EUR,0.095517,0.136738,Neutral,2023-09-22 04:00:00-04:00
FOREX:EUR,0.093289,0.10288,Neutral,2023-09-22 03:27:00-04:00
FOREX:EUR,0.120733,0.0,Neutral,2023-09-22 03:26:50-04:00
FOREX:EUR,0.064104,0.188308,Somewhat-Bullish,2023-09-22 02:26:45-04:00
FOREX:EUR,0.087503,0.067379,Neutral,2023-09-22 01:30:00-04:00
FOREX:EUR,0.087503,0.067379,Neutral,2023-09-22 01:30:00-04:00
FOREX:EUR,0.162802,0.159213,Somewhat-Bullish,2023-09-21 23:19:44-04:00
FOREX:EUR,0.139265,0.144861,Neutral,2023-09-21 22:58:26-04:00
FOREX:EUR,0.128822,0.036319,Neutral,2023-09-21 20:02:37-04:00
FOREX:EUR,0.097854,0.099299,Neutral,2023-09-21 16:30:00-04:00
FOREX:EUR,0.025542,0.050768,Neutral,2023-09-21 13:15:00-04:00
FOREX:EUR,0.042496,0.0,Neutral,2023-09-21 12:11:17-04:00
FOREX:EUR,0.042496,0.0,Neutral,2023-09-21 12:11:17-04:00
FOREX:EUR,0.16171,0.059646,Neutral,2023-09-21 12:03:00-04:00
FOREX:EUR,0.097854,-0.092556,Neutral,2023-09-21 11:56:00-04:00
FOREX:EUR,0.044386,-0.064996,Neutral,2023-09-21 11:09:00-04:00
FOREX:EUR,0.243864,-0.205552,Somewhat-Bearish,2023-09-21 10:44:00-04:00
FOREX:EUR,0.16849,0.091414,Neutral,2023-09-21 08:54:44-04:00
FOREX:EUR,0.056808,0.033001,Neutral,2023-09-21 08:51:46-04:00
FOREX:EUR,0.073098,0.160404,Somewhat-Bullish,2023-09-21 08:01:00-04:00
FOREX:EUR,0.102888,-0.210994,Somewhat-Bearish,2023-09-21 07:14:00-04:00
FOREX:EUR,0.122269,0.0,Neutral,2023-09-21 07:13:00-04:00
FOREX:EUR,0.267804,-0.070138,Neutral,2023-09-21 05:30:20-04:00
FOREX:EUR,0.060848,-0.277272,Somewhat-Bearish,2023-09-21 04:49:00-04:00
FOREX:EUR,0.104683,0.041577,Neutral,2023-09-21 04:47:47-04:00
FOREX:EUR,0.16171,0.198367,Somewhat-Bullish,2023-09-21 04:17:00-04:00
FOREX:EUR,0.417995,0.510862,Bullish,2023-09-21 04:09:00-04:00
FOREX:EUR,0.693563,-0.179921,Somewhat-Bearish,2023-09-21 04:02:00-04:00
FOREX:EUR,0.098659,-0.172073,Somewhat-Bearish,2023-09-21 03:55:00-04:00
FOREX:EUR,0.114137,-0.130654,Neutral,2023-09-21 03:42:50-04:00
FOREX:EUR,0.083833,0.016985,Neutral,2023-09-21 03:34:45-04:00
FOREX:EUR,0.836003,0.174806,Somewhat-Bullish,2023-09-21 03:34:44-04:00
FOREX:EUR,0.092927,-0.002171,Neutral,2023-09-21 03:26:42-04:00
FOREX:EUR,0.085022,0.074107,Neutral,2023-09-21 03:18:45-04:00
FOREX:EUR,0.143415,0.0,Neutral,2023-09-21 02:56:15-04:00
FOREX:EUR,0.032382,0.030748,Neutral,2023-09-21 01:50:49-04:00
FOREX:EUR,0.087503,0.067379,Neutral,2023-09-21 01:30:00-04:00
FOREX:EUR,0.087503,0.067379,Neutral,2023-09-21 01:30:00-04:00
FOREX:EUR,0.00839,0.063444,Neutral,2023-09-21 01:00:00-04:00
FOREX:EUR,0.05654,-0.069201,Neutral,2023-09-20 22:44:32-04:00
FOREX:EUR,0.131284,-0.083687,Neutral,2023-09-20 20:16:56-04:00
FOREX:EUR,0.821469,0.088948,Neutral,2023-09-20 17:45:00-04:00
FOREX:EUR,0.115232,0.0,Neutral,2023-09-20 15:08:00-04:00
FOREX:EUR,0.068896,-0.013246,Neutral,2023-09-20 14:54:25-04:00
FOREX:EUR,0.0699,-0.015348,Neutral,2023-09-20 14:54:00-04:00
FOREX:EUR,0.127456,0.247686,Somewhat-Bullish,2023-09-20 14:15:00-04:00
FOREX:EUR,0.075397,0.108655,Neutral,2023-09-20 14:08:00-04:00
FOREX:EUR,0.194763,0.148621,Neutral,2023-09-20 13:19:00-04:00
FOREX:EUR,0.062597,-0.053192,Neutral,2023-09-20 12:28:00-04:00
FOREX:EUR,0.075161,0.129358,Neutral,2023-09-20 12:21:00-04:00
FOREX:EUR,0.152178,0.265874,Somewhat-Bullish,2023-09-20 12:00:00-04:00
FOREX:EUR,0.146618,0.248585,Somewhat-Bullish,2023-09-20 12:00:00-04:00
FOREX:EUR,0.051221,0.08999,Neutral,2023-09-20 11:10:00-04:00
FOREX:EUR,0.026155,0.242003,Somewhat-Bullish,2023-09-20 09:30:00-04:00
FOREX:EUR,0.24289,0.160193,Somewhat-Bullish,2023-09-20 09:27:17-04:00
FOREX:EUR,0.060236,-0.052093,Neutral,2023-09-20 06:10:00-04:00
FOREX:EUR,0.137671,0.082049,Neutral,2023-09-20 05:45:00-04:00
FOREX:EUR,0.072655,0.0,Neutral,2023-09-20 05:11:00-04:00
FOREX:EUR,0.110462,0.224825,Somewhat-Bullish,2023-09-20 04:30:00-04:00
FOREX:EUR,0.071145,0.142344,Neutral,2023-09-20 04:09:48-04:00
FOREX:EUR,0.063763,0.051288,Neutral,2023-09-20 03:09:32-04:00
FOREX:EUR,0.122894,-0.038506,Neutral,2023-09-20 03:04:00-04:00
FOREX:EUR,0.147818,0.135936,Neutral,2023-09-20 02:00:00-04:00
FOREX:EUR,0.087503,0.067379,Neutral,2023-09-20 01:30:00-04:00
FOREX:EUR,0.087503,0.067379,Neutral,2023-09-20 01:30:00-04:00
FOREX:EUR,0.817578,0.170157,Somewhat-Bullish,2023-09-20 00:50:24-04:00
FOREX:EUR,0.091684,0.017729,Neutral,2023-09-20 00:22:44-04:00
FOREX:EUR,0.050679,0.059774,Neutral,2023-09-20 00:01:00-04:00
FOREX:EUR,0.270773,-0.170871,Somewhat-Bearish,2023-09-19 22:45:00-04:00
FOREX:EUR,0.129168,0.0,Neutral,2023-09-19 22:45:00-04:00
FOREX:EUR,0.095138,0.145067,Neutral,2023-09-19 20:47:00-04:00
FOREX:EUR,0.146025,-0.157595,Somewhat-Bearish,2023-09-19 15:45:00-04:00
FOREX:EUR,0.050679,0.012974,Neutral,2023-09-19 15:38:53-04:00
FOREX:EUR,0.056674,0.174091,Somewhat-Bullish,2023-09-19 12:18:21-04:00
FOREX:EUR,0.042647,0.151521,Somewhat-Bullish,2023-09-19 10:50:00-04:00
FOREX:EUR,0.16849,-0.148368,Neutral,2023-09-19 10:32:38-04:00
FOREX:EUR,0.478939,0.034238,Neutral,2023-09-19 08:35:34-04:00
FOREX:EUR,0.02074,-0.032952,Neutral,2023-09-19 08:28:00-04:00
FOREX:EUR,0.09439,0.097096,Neutral,2023-09-19 08:20:00-04:00
FOREX:EUR,0.065685,0.005031,Neutral,2023-09-19 07:58:00-04:00
FOREX:EUR,0.102888,0.174143,Somewhat-Bullish,2023-09-19 07:44:05-04:00
FOREX:EUR,0.100941,0.145199,Neutral,2023-09-19 06:30:00-04:00
FOREX:EUR,0.100941,0.145199,Neutral,2023-09-19 06:30:00-04:00
FOREX:EUR,0.071784,0.016426,Neutral,2023-09-19 06:17:00-04:00
FOREX:EUR,0.12389,0.138656,Neutral,2023-09-19 06:11:18-04:00
FOREX:EUR,0.124348,0.13098,Neutral,2023-09-19 06:11:00-04:00
FOREX:EUR,0.100308,-0.001096,Neutral,2023-09-19 06:00:00-04:00
FOREX:EUR,0.194242,-0.195605,Somewhat-Bearish,2023-09-19 05:52:00-04:00
FOREX:EUR,0.091509,0.0,Neutral,2023-09-19 05:43:00-04:00
FOREX:EUR,0.265378,0.018784,Neutral,2023-09-19 05:05:00-04:00
FOREX:EUR,0.261117,-0.156524,Somewhat-Bearish,2023-09-19 05:01:00-04:00
FOREX:EUR,0.05387,0.166776,Somewhat-Bullish,2023-09-19 03:00:00-04:00
FOREX:EUR,0.674691,-0.092676,Neutral,2023-09-19 02:07:11-04:00
FOREX:EUR,0.15429,0.118618,Neutral,2023-09-19 02:00:00-04:00
FOREX:EUR,0.087503,0.067379,Neutral,2023-09-19 01:30:00-04:00
FOREX:EUR,0.087503,0.067379,Neutral,2023-09-19 01:30:00-04:00
FOREX:EUR,0.077343,0.139826,Neutral,2023-09-18 23:51:00-04:00
FOREX:EUR,0.050679,0.079429,Neutral,2023-09-18 23:22:00-04:00
FOREX:EUR,0.129168,0.0,Neutral,2023-09-18 23:06:00-04:00
FOREX:EUR,0.129168,0.0,Neutral,2023-09-18 23:06:00-04:00
FOREX:EUR,0.317254,0.066049,Neutral,2023-09-18 20:28:31-04:00
FOREX:EUR,0.114137,-0.049615,Neutral,2023-09-18 20:08:20-04:00
FOREX:EUR,0.146916,0.239892,Somewhat-Bullish,2023-09-18 19:22:13-04:00
FOREX:EUR,0.126119,-0.026078,Neutral,2023-09-18 19:08:00-04:00
FOREX:EUR,0.061315,0.0,Neutral,2023-09-18 15:44:00-04:00
FOREX:EUR,0.022969,0.047969,Neutral,2023-09-18 13:14:00-04:00
FOREX:EUR,0.236972,0.481101,Bullish,2023-09-18 13:08:34-04:00
FOREX:EUR,0.095327,0.042909,Neutral,2023-09-18 12:59:02-04:00
FOREX:EUR,0.05749,0.013005,Neutral,2023-09-18 12:23:00-04:00
FOREX:EUR,0.037155,0.057951,Neutral,2023-09-18 11:33:00-04:00
FOREX:EUR,0.040622,-0.031718,Neutral,2023-09-18 10:21:06-04:00
FOREX:EUR,0.087185,-0.101732,Neutral,2023-09-18 10:16:00-04:00
FOREX:EUR,0.361802,0.075858,Neutral,2023-09-18 09:03:38-04:00
FOREX:EUR,0.087824,0.010907,Neutral,2023-09-18 09:02:00-04:00
FOREX:EUR,0.240489,-0.097533,Neutral,2023-09-18 08:01:00-04:00
FOREX:EUR,0.13873,0.006434,Neutral,2023-09-18 07:32:26-04:00
FOREX:EUR,0.76367,0.251137,Somewhat-Bullish,2023-09-18 06:31:00-04:00
FOREX:EUR,0.056674,-0.072116,Neutral,2023-09-18 06:19:34-04:00
FOREX:EUR,0.139265,-0.156193,Somewhat-Bearish,2023-09-18 06:02:00-04:00
FOREX:EUR,0.028188,0.026154,Neutral,2023-09-18 05:52:00-04:00
FOREX:EUR,0.029545,-0.189646,Somewhat-Bearish,2023-09-18 05:33:56-04:00
FOREX:EUR,0.275091,-0.081472,Neutral,2023-09-18 05:01:00-04:00
FOREX:EUR,0.049424,0.077821,Neutral,2023-09-18 03:45:04-04:00
FOREX:EUR,0.048327,0.07774,Neutral,2023-09-18 03:45:04-04:00
